Start number;Decimal score;Sighting;Target number;Radius;Time;Inner ten;X;Y
1106;9.4;0;6;387;08:47:46.23;0;-0.71743;-3.80585
1106;9.2;0;6;412;08:48:12.11;0;-1.2;2.5
1106;9.8;0;6;298;08:48:45.00;1;0.5;-0.3
1107;9.1;0;6;401;08:47:50.00;0;-2.1;1.8
1107;9.5;0;6;365;08:48:20.00;0;0.8;-1.2
1108;9.9;0;6;275;08:47:55.00;1;0.2;0.1
1108;9.3;0;6;398;08:48:30.00;0;-0.9;2.0
1108;9.7;0;6;310;08:49:00.00;0;0.4;-0.5
